{
	//uview组件库
	"easycom": {
		"autoscan": true,
		"^u-(.*)": "@/node_modules/uview-ui/components/u-$1/u-$1.vue"
	},
	"globalStyle": {
		"navigationBarTextStyle": "black",
		"navigationBarTitleText": "DBS gateway",
		"navigationBarBackgroundColor": "#F8F8F8",
		"backgroundColor": "#F8F8F8"
	},
	"uniIdRouter": {},
	"tabBar": {
		"backgroundColor": "#FFFFFF",
		"selectedColor": "#489CE5",
		"color": "#AFAFAF",
		"fontSize": "12px",

		"list": [{
				"pagePath": "pages/home",
				"text": "ホーム",
				"iconPath": "static/home.png",
				"selectedIconPath": "static/home_active.png"
			}, {
				"pagePath": "pages/stock/bookmark",
				"text": "お気に入り",
				"iconPath": "static/bookmark.png",
				"selectedIconPath": "static/bookmark_active.png"
			},
			{
				"pagePath": "pages/market/overview",
				"text": "ニュース",
				"iconPath": "static/market.png",
				"selectedIconPath": "static/market_active.png"
			}, {
				"pagePath": "pages/account/trade",
				"text": "保有銘柄一覧",
				"iconPath": "static/trade.png",
				"selectedIconPath": "static/trade_active.png"
			}, {
				"pagePath": "pages/account/center",
				"text": "マイページ",
				"iconPath": "static/account_center.png",
				"selectedIconPath": "static/account_center_active.png"
			}
		]
	},

	"pages": [ //pages数组中第一项表示应用启动页，参考：https://uniapp.dcloud.io/collocation/pages
		{
			// 底部首页
			"path": "pages/home",
			"style": {
				// 是否开启下拉刷新
				"enablePullDownRefresh": false,
				"navigationStyle": "custom" // 隐藏系统导航栏
				// 单页导航栏设置,"default"默认显示 "custom"关闭状态
				// "navigationStyle": "custom", // 设置不显示原生导航栏 隐藏系统导航栏
				// "navigationBarTextStyle": "white" // 状态栏字体为白色，只能为 white-白色，black-黑色 二选一
			}
		}, {
			"path": "pages/search", // 查询
			"style": {
				"enablePullDownRefresh": false,
				"navigationStyle": "custom"
			}
		}, {
			"path": "pages/notification", // 通知
			"style": {
				"enablePullDownRefresh": false,
				"navigationStyle": "custom"
			}
		}, {
			"path": "pages/about", // 关于
			"style": {
				"enablePullDownRefresh": false,
				"navigationStyle": "custom"
			}
		}, {
			"path": "pages/service", // 客服
			"style": {
				"enablePullDownRefresh": false,
				"app-plus": {
					"navigationBarBackgroundColor": "#007AFF",
					"navigationBarTextStyle": "white"
				}
			}
		}, {
			"path": "pages/account/pwd", // 登入密码
			"style": {
				"enablePullDownRefresh": false,
				"navigationStyle": "custom"
			}
		}, {
			"path": "pages/account/pwdPay", // 支付密码
			"style": {
				"enablePullDownRefresh": false,
				"navigationStyle": "custom"
			}
		}, {
			"path": "pages/account/bankCard", // 银行卡 绑定，解绑
			"style": {
				"enablePullDownRefresh": false,
				"navigationStyle": "custom"
			}
		}, {
			"path": "pages/account/trade", // 个人交易
			"style": {
				"enablePullDownRefresh": true,
				"navigationStyle": "custom"
			}
		}, {
			"path": "pages/account/tradeLog", // 账户交易记录
			"style": {
				"enablePullDownRefresh": false,
				"navigationStyle": "custom"
			}
		}, {
			"path": "pages/account/auth", // 认证
			"style": {
				"enablePullDownRefresh": false,
				"navigationStyle": "custom"
			}
		}, {
			"path": "pages/account/deposit", // 存款
			"style": {
				"enablePullDownRefresh": false,
				"navigationStyle": "custom"
			}
		},
		{
			"path": "pages/account/withdraw", // 提款
			"style": {
				"enablePullDownRefresh": false,
				"navigationStyle": "custom"
			}
		}, {
			"path": "pages/account/sigin", // 登入、注册
			"style": {
				"enablePullDownRefresh": false,
				"navigationStyle": "custom"
			}
		}, {
			"path": "pages/account/center", // 个人中心
			"style": {
				"enablePullDownRefresh": true,
				"navigationStyle": "custom"
			}
		}, {
			"path": "pages/stock/bookmark", // 关注、最新、最热、涨率、跌率
			"style": {
				"enablePullDownRefresh": true,
				"navigationStyle": "custom"
			}
		}, {
			"path": "pages/stock/all",
			"style": {
				"enablePullDownRefresh": false,
				"navigationStyle": "custom"
			}
		}, {
			"path": "pages/stock/overview", // 单股概况
			"style": {
				"enablePullDownRefresh": false,
				"navigationStyle": "custom"
			}
		}, {
			"path": "pages/stock/news", // 单股新闻
			"style": {
				"enablePullDownRefresh": false,
				"navigationStyle": "custom"
			}
		}, {
			"path": "pages/stock/buy", // 买入
			"style": {
				"enablePullDownRefresh": false,
				"navigationStyle": "custom"
			}
		}, {
			"path": "pages/market/overview", // 市场概况
			"style": {
				"enablePullDownRefresh": true,
				"navigationStyle": "custom"
			}
		}, {
			"path": "pages/market/news", // 市场新闻
			"style": {
				"enablePullDownRefresh": true,
				"navigationStyle": "custom"
			}
		}, {
			"path": "pages/market/indicator", // 市场指标
			"style": {
				"enablePullDownRefresh": true,
				"navigationStyle": "custom"
			}
		}, {
			"path": "pages/market/hot", // 市场热门
			"style": {
				"enablePullDownRefresh": true,
				"navigationStyle": "custom"
			}
		}, {
			"path": "pages/trade/short", // 短打交易
			"style": {
				"enablePullDownRefresh": true,
				"navigationStyle": "custom"
			}
		}, {
			"path": "pages/trade/shortLog", // 短打交易 记录
			"style": {
				"enablePullDownRefresh": true,
				"navigationStyle": "custom"
			}
		}, {
			"path": "pages/trade/large", // 大宗交易
			"style": {
				"enablePullDownRefresh": true,
				"navigationStyle": "custom"
			}
		}, {
			"path": "pages/trade/largeLog", // 大宗交易 记录
			"style": {
				"enablePullDownRefresh": true,
				"navigationStyle": "custom"
			}
		}, {
			"path": "pages/trade/discount", // 折扣交易
			"style": {
				"enablePullDownRefresh": true,
				"navigationStyle": "custom"
			}
		}, {
			"path": "pages/trade/discountLog", // 折扣交易 记录
			"style": {
				"enablePullDownRefresh": true,
				"navigationStyle": "custom"
			}
		}, {
			"path": "pages/trade/ipo", // ipo交易
			"style": {
				"enablePullDownRefresh": true,
				"navigationStyle": "custom"
			}
		}, {
			"path": "pages/trade/ipoLog", // ipo交易 记录
			"style": {
				"enablePullDownRefresh": true,
				"navigationStyle": "custom"
			}
		},







		//  ====================2024 03.26=======================
		{
			"path": "pages/my/components/duihuan/index",
			"style": {
				"navigationBarTitleText": "交換",
				"enablePullDownRefresh": false,
				"navigationStyle": "custom" // 隐藏系统导航栏
			}
		},
		{
			"path": "pages/marketQuotations/purchase",
			"style": {
				"navigationBarTitleText": "購入する",
				"enablePullDownRefresh": false,
				"navigationStyle": "custom" // 隐藏系统导航栏
			}
		}, {
			"path": "pages/index/components/newShares/nullElement/nullElement",
			"style": {
				"navigationBarTitleText": "IPOの詳細",
				"enablePullDownRefresh": false,
				"navigationStyle": "custom" // 隐藏系统导航栏
			}
		}, {
			"path": "pages/index/components/newShares/luckyNumber/luckyNumber",
			"style": {
				"navigationBarTitleText": "優勝記録",
				"enablePullDownRefresh": false,
				"navigationStyle": "custom" // 隐藏系统导航栏
			}
		},
		{
			"path": "pages/index/rinei",
			"style": {
				"enablePullDownRefresh": false,
				"navigationStyle": "custom" // 隐藏系统导航栏
			}
		}
		// {
		// 	"path": "pages/index/components/newShares/applyPurchase/applyPurchase",
		// 	"style": {
		// 		"navigationBarTitleText": "구독기록",
		// 		"enablePullDownRefresh": false,
		// 		"navigationStyle": "custom" // 隐藏系统导航栏
		// 	}
		// }





		// {
		// 	"path": "pages/index/components/fund/fund",
		// 	"style": {
		// 		"navigationBarTitleText": "축적",
		// 		"enablePullDownRefresh": false,
		// 		"navigationStyle": "custom" // 隐藏系统导航栏
		// 	}
		// },

		// {
		// 	"path": "pages/index/components/newShares/newShares",
		// 	"style": {
		// 		"navigationBarTitleText": "새로운 주식",
		// 		"enablePullDownRefresh": false,
		// 		"navigationStyle": "custom" // 隐藏系统导航栏
		// 	}
		// },
		// {
		// 	"path": "pages/index/components/newShares/blockTransactions/blockTransactions",
		// 	"style": {
		// 		"navigationBarTitleText": "주주들은 지분을 줄인다记录",
		// 		"enablePullDownRefresh": false,
		// 		"navigationStyle": "custom" // 隐藏系统导航栏
		// 	}
		// }, {
		// 	"path": "pages/index/components/newShares/blockTradeSell",
		// 	"style": {
		// 		"navigationBarTitleText": "기관 거래 우선가",
		// 		"enablePullDownRefresh": false,
		// 		"navigationStyle": "custom" // 隐藏系统导航栏
		// 	}
		// },
		//  {
		// 	"path": "pages/index/components/newShares/discountedTransactionLog",
		// 	"style": {
		// 		"navigationBarTitleText": "구독기록",
		// 		"enablePullDownRefresh": false,
		// 		"navigationStyle": "custom" // 隐藏系统导航栏
		// 	}

		// },
		// {
		// 	"path": "pages/index/components/newShares/shortTradeLog",
		// 	"style": {
		// 		"navigationBarTitleText": "스캘핑",
		// 		"enablePullDownRefresh": false,
		// 		"navigationStyle": "custom" // 隐藏系统导航栏
		// 	}

		// },
		// 
		// {
		// 	"path": "pages/index/components/newShares/ration/ration",
		// 	"style": {
		// 		"navigationBarTitleText": "기록 보관",
		// 		"enablePullDownRefresh": false,
		// 		"navigationStyle": "custom" // 隐藏系统导航栏
		// 	}

		// },
		// {
		// 	"path": "pages/index/components/newShares/ration/luckyNumber",
		// 	"style": {
		// 		"navigationBarTitleText": "우승기록",
		// 		"enablePullDownRefresh": false,
		// 		"navigationStyle": "custom" // 隐藏系统导航栏
		// 	}

		// },

		// {
		// 	"path": "pages/index/components/newShares/offlinePlacement/offlinePlacement",
		// 	"style": {
		// 		"navigationBarTitleText": "신주 배정",
		// 		"enablePullDownRefresh": false,
		// 		"navigationStyle": "custom" // 隐藏系统导航栏
		// 	}

		// },
		// {
		// 	"path": "pages/index/components/secondRow/dragonTiger/dragonTiger",
		// 	"style": {
		// 		"navigationBarTitleText": "용과 호랑이 목록",
		// 		"enablePullDownRefresh": false,
		// 		"navigationStyle": "custom" // 隐藏系统导航栏
		// 	}

		// },
		// {
		// 	"path": "pages/index/components/secondRow/stopResumeTrading/stopResumeTrading",
		// 	"style": {
		// 		"navigationBarTitleText": "일일 거래 중단 및 재개",
		// 		"enablePullDownRefresh": false,
		// 		"navigationStyle": "custom" // 隐藏系统导航栏
		// 	}

		// },
		// {
		// 	"path": "pages/index/components/secondRow/tradingShares/tradingShares",
		// 	"style": {
		// 		"navigationBarTitleText": "상위 10개 거래 주식",
		// 		"enablePullDownRefresh": false,
		// 		"navigationStyle": "custom" // 隐藏系统导航栏
		// 	}

		// },
		// {
		// 	"path": "pages/index/components/secondRow/dailyLimit/dailyLimit",
		// 	"style": {
		// 		"navigationBarTitleText": "일일 한도",
		// 		"enablePullDownRefresh": false,
		// 		"navigationStyle": "custom" // 隐藏系统导航栏
		// 	}

		// },
		// {
		// 	"path": "pages/index/components/secondRow/transactionRules/transactionRules",
		// 	"style": {
		// 		"navigationBarTitleText": "거래 규칙",
		// 		"enablePullDownRefresh": false,
		// 		"navigationStyle": "custom" // 隐藏系统导航栏
		// 	}

		// },
		// {
		// 	"path": "pages/index/components/newsDetail",
		// 	"style": {
		// 		"navigationBarTitleText": "뉴스 세부정보",
		// 		"enablePullDownRefresh": false,
		// 		"navigationStyle": "custom" // 隐藏系统导航栏
		// 	}
		// },
		// {
		// 	"path": "pages/my/components/setUp/setUp",
		// 	"style": {
		// 		"navigationBarTitleText": "설정",
		// 		"enablePullDownRefresh": false,
		// 		"navigationStyle": "custom" // 隐藏系统导航栏
		// 	}

		// },

		// {
		// 	"path": "pages/my/components/other/versionUpdate",
		// 	"style": {
		// 		"navigationBarTitleText": "새 버전 업데이트",
		// 		"enablePullDownRefresh": false,
		// 		"navigationStyle": "custom" // 隐藏系统导航栏
		// 	}

		// },
		// {
		// 	"path": "pages/my/components/other/userAgreement",
		// 	"style": {
		// 		"navigationBarTitleText": "사용자 계약",
		// 		"enablePullDownRefresh": false,
		// 		"navigationStyle": "custom" // 隐藏系统导航栏
		// 	}

		// },
		// {
		// 	"path": "pages/my/components/other/privacyAgreement",
		// 	"style": {
		// 		"navigationBarTitleText": "개인 정보 보호 계약",
		// 		"enablePullDownRefresh": false,
		// 		"navigationStyle": "custom" // 隐藏系统导航栏
		// 	}

		// },
		// {
		// 	"path": "pages/my/components/setUp/modifyAvatar",
		// 	"style": {
		// 		"navigationBarTitleText": "아바타 수정",
		// 		"enablePullDownRefresh": false,
		// 		"navigationStyle": "custom" // 隐藏系统导航栏
		// 	}
		// },
		// {
		// 	"path": "pages/index/components/newShares/placeOrder/placeOrder",
		// 	"style": {
		// 		"navigationBarTitleText": "注文",
		// 		"enablePullDownRefresh": false,
		// 		"navigationStyle": "custom" // 隐藏系统导航栏
		// 	}

		// },
		// {
		// 	"path": "pages/logon/forgot/forgot",
		// 	"style": {
		// 		"navigationBarTitleText": "비밀번호 잊어버려",
		// 		"enablePullDownRefresh": false,
		// 		"navigationStyle": "custom" // 隐藏系统导航栏
		// 	}

		// }, {
		// 	"path": "pages/my/components/certificateBank/silver-b",
		// 	"style": {
		// 		"navigationBarTitleText": "은행 송금 증명서",
		// 		"enablePullDownRefresh": false,
		// 		"navigationStyle": "custom" // 隐藏系统导航栏
		// 	}
		// }
	],

	"condition": {
		//模式配置，仅开发期间生效
		"current": 0, //当前激活的模式(list 的索引项)
		"list": [{
			"name": "", //模式이름
			"path": "", //启动页面，必选
			"query": "" //启动参数，在页面的onLoad函数里面得到
		}]
	}
}