{
	//uview组件库
	"easycom": {	
		"^u-(.*)": "@/node_modules/uview-ui/components/u-$1/u-$1.vue"
	},
	"pages": [ //pages数组中第一项表示应用启动页，参考：https://uniapp.dcloud.io/collocation/pages
		{
			// 底部首页
			"path": "pages/index/index",
			"style": {
				// 导航栏标题文字内容
				"navigationBarTitleText": "",
				// 是否开启下拉刷新
				"enablePullDownRefresh": false,
				"navigationStyle": "custom" // 隐藏系统导航栏
				// 单页导航栏设置,"default"默认显示 "custom"关闭状态
				// "navigationStyle": "custom", // 设置不显示原生导航栏 隐藏系统导航栏
				// "navigationBarTextStyle": "white" // 状态栏字体为白色，只能为 white-白色，black-黑色 二选一
			}
		},
		{
			"path": "pages/my/components/duihuan/index",
			"style": {
				// "navigationBarTitleText": "교환",
				"enablePullDownRefresh": false,
				"navigationStyle": "custom" // 隐藏系统导航栏
			}
		
		},
		{
			"path": "pages/my/components/aiBank/aiBank",
			"style": {
				// "navigationBarTitleText": "AI 계정",
				"enablePullDownRefresh": false,
				"navigationStyle": "custom" // 隐藏系统导航栏
			}
		},
		{
			"path": "pages/my/components/aiBank/log",
			"style": {
				// "navigationBarTitleText": "기록",
				"enablePullDownRefresh": false,
				"navigationStyle": "custom" // 隐藏系统导航栏
			}
		},
		{
			"path": "pages/my/components/aiBank/transfer",
			"style": {
				// "navigationBarTitleText": "잔액 전입",
				"enablePullDownRefresh": false,
				"navigationStyle": "custom" // 隐藏系统导航栏
			}
		},
		{
			"path": "pages/my/components/aiBank/rollout",
			"style": {
				// "navigationBarTitleText": "잔액 전출",
				"enablePullDownRefresh": false,
				"navigationStyle": "custom" // 隐藏系统导航栏
			}
		},
		{
			"path": "pages/marketQuotations/marketQuotations",
			"style": {
				// "navigationBarTitleText": "인용 부호",
				"enablePullDownRefresh": true,
				"navigationStyle": "custom" // 隐藏系统导航栏
			}

		}, {
			"path": "pages/position/position",
			"style": {
				// "navigationBarTitleText": "위치",
				"enablePullDownRefresh": true,
				"navigationStyle": "custom" // 隐藏系统导航栏
			}

		}, {
			"path": "pages/free/free",
			"style": {
				// "navigationBarTitleText": "선택 과목",
				"enablePullDownRefresh": true,
				"navigationStyle": "custom" // 隐藏系统导航栏
			}

		}, {
			"path": "pages/my/my",
			"style": {
				// "navigationBarTitleText": "내 거",
				"enablePullDownRefresh": true,
				"navigationStyle": "custom" // 隐藏系统导航栏
			}

		}, {
			"path": "pages/marketQuotations/productDetails",
			"style": {
				// "navigationBarTitleText": "제품 세부 정보",
				"enablePullDownRefresh": false,
				"navigationStyle": "custom" // 隐藏系统导航栏
			}

		}, {
			"path": "pages/logon/logon/logon",
			"style": {
				// "navigationBarTitleText": "로그인",
				"enablePullDownRefresh": false,
				"navigationStyle": "custom" // 隐藏系统导航栏
			}

		}, {
			"path": "pages/logon/register/register",
			"style": {
				// "navigationBarTitleText": "등록하다",
				"enablePullDownRefresh": false,
				"navigationStyle": "custom" // 隐藏系统导航栏
			}

		}, {
			"path": "pages/searchFor/searchFor",
			"style": {
				// "navigationBarTitleText": "찾다",
				"enablePullDownRefresh": false,
				"navigationStyle": "custom" // 隐藏系统导航栏
			}

		}, 
		{
			"path": "pages/email/email",
			"style": {
				// "navigationBarTitleText": "알림",
				"enablePullDownRefresh": false,
				"navigationStyle": "custom" // 隐藏系统导航栏
			}
		},
		{
			"path": "pages/index/components/customer/customer",
			"style": {
				// "navigationBarTitleText": "고객 문의",
				"enablePullDownRefresh": false,
				// "navigationStyle": "custom" // 隐藏系统导航栏
				"app-plus": {
					"navigationBarBackgroundColor": "#007AFF",
					"navigationBarTextStyle": "white" //状态栏字体颜色
				}
			}

		},{
			"path": "pages/servicePush",
			"style": {
				// "navigationBarTitleText": "고객 문의",
				"enablePullDownRefresh": false,
				// "navigationStyle": "custom" // 隐藏系统导航栏
				"app-plus": {
					"navigationBarBackgroundColor": "#007AFF",
					"navigationBarTextStyle": "white" //状态栏字体颜色
				}
			}

		},
		
		{
			"path": "pages/index/components/fund/fund",
			"style": {
				// "navigationBarTitleText": "축적",
				"enablePullDownRefresh": false,
				"navigationStyle": "custom" // 隐藏系统导航栏
			}

		},
		
		{
			"path": "pages/index/components/newShares/newShares",
			"style": {
				// "navigationBarTitleText": "새로운 주식",
				"enablePullDownRefresh": false,
				"navigationStyle": "custom" // 隐藏系统导航栏
			}

		},
		{
			"path": "pages/index/components/newShares/newSharesIPO",
			"style": {
				// "navigationBarTitleText": "새로운 주식",
				"enablePullDownRefresh": false,
				"navigationStyle": "custom" // 隐藏系统导航栏
			}
		
		},
		{
			"path": "pages/index/components/newShares/applyPurchase/applyPurchase",
			"style": {
				// "navigationBarTitleText": "구독기록",
				"enablePullDownRefresh": false,
				"navigationStyle": "custom" // 隐藏系统导航栏
			}

		},
		{
			"path": "pages/index/components/newShares/luckyNumber/luckyNumber",
			"style": {
				// "navigationBarTitleText": "우승기록",
				"enablePullDownRefresh": false,
				"navigationStyle": "custom" // 隐藏系统导航栏
			}

		},
		{
			"path": "pages/index/components/newShares/ration/ration",
			"style": {
				// "navigationBarTitleText": "기록 보관",
				"enablePullDownRefresh": false,
				"navigationStyle": "custom" // 隐藏系统导航栏
			}

		},
		{
			"path": "pages/index/components/newShares/ration/luckyNumber",
			"style": {
				// "navigationBarTitleText": "우승기록",
				"enablePullDownRefresh": false,
				"navigationStyle": "custom" // 隐藏系统导航栏
			}

		},
		{
			"path": "pages/index/components/newShares/nullElement/nullElement",
			"style": {
				// "navigationBarTitleText": "IPO 세부사항",
				"enablePullDownRefresh": false,
				"navigationStyle": "custom" // 隐藏系统导航栏
			}

		},
		{
			"path": "pages/index/components/newShares/offlinePlacement/offlinePlacement",
			"style": {
				// "navigationBarTitleText": "신주 배정",
				"enablePullDownRefresh": false,
				"navigationStyle": "custom" // 隐藏系统导航栏
			}

		},
		{
			"path": "pages/index/components/secondRow/dragonTiger/dragonTiger",
			"style": {
				// "navigationBarTitleText": "용과 호랑이 목록",
				"enablePullDownRefresh": false,
				"navigationStyle": "custom" // 隐藏系统导航栏
			}

		},
		{
			"path": "pages/index/components/secondRow/stopResumeTrading/stopResumeTrading",
			"style": {
				// "navigationBarTitleText": "일일 거래 중단 및 재개",
				"enablePullDownRefresh": false,
				"navigationStyle": "custom" // 隐藏系统导航栏
			}

		},
		{
			"path": "pages/index/components/secondRow/tradingShares/tradingShares",
			"style": {
				"navigationBarTitleText": "상위 10개 거래 주식",
				"enablePullDownRefresh": false,
				"navigationStyle": "custom" // 隐藏系统导航栏
			}

		},
		{
			"path": "pages/index/components/secondRow/dailyLimit/dailyLimit",
			"style": {
				// "navigationBarTitleText": "일일 한도",
				"enablePullDownRefresh": false,
				"navigationStyle": "custom" // 隐藏系统导航栏
			}

		},
		{
			"path": "pages/index/components/secondRow/transactionRules/transactionRules",
			"style": {
				// "navigationBarTitleText": "거래 규칙",
				"enablePullDownRefresh": false,
				"navigationStyle": "custom" // 隐藏系统导航栏
			}

		},
		{
			"path": "pages/index/components/newsDetail",
			"style": {
				// "navigationBarTitleText": "뉴스 세부정보",
				"enablePullDownRefresh": false,
				"navigationStyle": "custom" // 隐藏系统导航栏
			}
		},
		{
			"path": "pages/marketQuotations/purchase",
			"style": {
				// "navigationBarTitleText": "구입하다",
				"enablePullDownRefresh": false,
				"navigationStyle": "custom" // 隐藏系统导航栏
			}

		}

		,
		{
			"path": "pages/marketQuotations/authentication",
			"style": {
				// "navigationBarTitleText": "인증",
				"enablePullDownRefresh": false,
				"navigationStyle": "custom" // 隐藏系统导航栏
			}

		},
		{
			"path": "pages/my/components/setUp/setUp",
			"style": {
				// "navigationBarTitleText": "설정",
				"enablePullDownRefresh": false,
				"navigationStyle": "custom" // 隐藏系统导航栏
			}

		},
		{
			"path": "pages/index/components/newShareRaising",
			"style": {
				// "navigationBarTitleText": "VIP 러쉬",
				"enablePullDownRefresh": false,
				"navigationStyle": "custom" // 隐藏系统导航栏
			}
		
		},
		
		{
			"path": "pages/my/components/other/versionUpdate",
			"style": {
				// "navigationBarTitleText": "새 버전 업데이트",
				"enablePullDownRefresh": false,
				"navigationStyle": "custom" // 隐藏系统导航栏
			}

		},
		
		{
			"path": "pages/index/rinei",
			"style": {
				// "navigationBarTitleText": "빠른 거래",
				"enablePullDownRefresh": false,
				"navigationStyle": "custom" // 隐藏系统导航栏
			}
		
		},
		{
			"path": "pages/my/components/other/userAgreement",
			"style": {
				// "navigationBarTitleText": "사용자 계약",
				"enablePullDownRefresh": false,
				"navigationStyle": "custom" // 隐藏系统导航栏
			}

		},
		{
			"path": "pages/my/components/other/privacyAgreement",
			"style": {
				// "navigationBarTitleText": "개인 정보 보호 계약",
				"enablePullDownRefresh": false,
				"navigationStyle": "custom" // 隐藏系统导航栏
			}

		},
		{
			"path": "pages/my/components/other/aboutUs",
			"style": {
				// "navigationBarTitleText": "회사 소개",
				"enablePullDownRefresh": false,
				"navigationStyle": "custom" // 隐藏系统导航栏
			}

		},
		{
			"path": "pages/my/components/bankCard/binding",
			"style": {
				// "navigationBarTitleText": "은행 카드 바인딩",
				"enablePullDownRefresh": false,
				"navigationStyle": "custom" // 隐藏系统导航栏
			}

		},
		{
			"path": "pages/my/components/bankCard/renewal",
			"style": {
				// "navigationBarTitleText": "은행 카드 변경",
				"enablePullDownRefresh": false,
				"navigationStyle": "custom" // 隐藏系统导航栏
			}

		},
		{
			"path": "pages/my/components/commonFunctions/changePassword",
			"style": {
				// "navigationBarTitleText": "로그인 비밀번호 변경",
				"enablePullDownRefresh": false,
				"navigationStyle": "custom" // 隐藏系统导航栏
			}

		},
		{
			"path": "pages/my/components/commonFunctions/fundPassword",
			"style": {
				// "navigationBarTitleText": "펀드 비밀번호",
				"enablePullDownRefresh": false,
				"navigationStyle": "custom" // 隐藏系统导航栏
			}

		},
		{
			"path": "pages/my/components/commonFunctions/capitalDetails",
			"style": {
				// "navigationBarTitleText": "기금 세부정보",
				"enablePullDownRefresh": false,
				"navigationStyle": "custom" // 隐藏系统导航栏
			}

		},
		{
			"path": "pages/my/components/certificateBank/silver",
			"style": {
				// "navigationBarTitleText": "은행 송금 증명서",
				"enablePullDownRefresh": false,
				"navigationStyle": "custom" // 隐藏系统导航栏
			}

		},
		{
			"path": "pages/my/components/certificateBank/prove",
			"style": {
				// "navigationBarTitleText": "인증서에서 은행으로 이체",
				"enablePullDownRefresh": false,
				"navigationStyle": "custom" // 隐藏系统导航栏
			}

		}

		,
		{
			"path": "pages/my/components/setUp/modifyAvatar",
			"style": {
				// "navigationBarTitleText": "아바타 수정",
				"enablePullDownRefresh": false,
				"navigationStyle": "custom" // 隐藏系统导航栏
			}

		},
		{
			"path": "pages/index/components/newShares/blockTransactions/blockTransactions",
			"style": {
				// "navigationBarTitleText": "주주들은 지분을 줄인다",
				"enablePullDownRefresh": false,
				"navigationStyle": "custom" // 隐藏系统导航栏
			}

		},
		{
			"path": "pages/index/components/newShares/blockTransactions/ReviewLog",
			"style": {
				// "navigationBarTitleText": "주주들은 지분을 줄인다",
				"enablePullDownRefresh": false,
				"navigationStyle": "custom" // 隐藏系统导航栏
			}
		
		},
		{
			"path": "pages/index/components/newShares/placeOrder/placeOrder",
			"style": {
				// "navigationBarTitleText": "주문",
				"enablePullDownRefresh": false,
				"navigationStyle": "custom" // 隐藏系统导航栏
			}

		},
		{
			"path": "pages/logon/forgot/forgot",
			"style": {
				// "navigationBarTitleText": "비밀번호 잊어버려",
				"enablePullDownRefresh": false,
				"navigationStyle": "custom" // 隐藏系统导航栏
			}

		}, {
			"path": "pages/my/components/certificateBank/silver-b",
			"style": {
				// "navigationBarTitleText": "은행 송금 증명서",
				"enablePullDownRefresh": false,
				"navigationStyle": "custom" // 隐藏系统导航栏
			}

		}
	
	    
    ],
	"globalStyle": {
		"navigationBarTextStyle": "black",
		"navigationBarTitleText": "",
		"navigationBarBackgroundColor": "#F8F8F8",
		"backgroundColor": "#F8F8F8"
	},
	"uniIdRouter": {},
	"tabBar": {
		"borderStyle": "black",
		"selectedColor": "#549ef4",
		"color": "#999",
		"fontSize": "12px",

		"list": [{
				"pagePath": "pages/index/index",
				"text": "거래소",
				"iconPath": "static/botton/home.png",
				"selectedIconPath": "static/botton/home2.png"
			},
			
			{
				"pagePath": "pages/free/free",
				"text": "관심 종목",
				"iconPath": "static/botton/free.png",
				"selectedIconPath": "static/botton/free2.png"
			},
			{
				"pagePath": "pages/position/position",
				"text": "거래",
				"iconPath": "static/botton/Position.png",
				"selectedIconPath": "static/botton/Position2.png"
			},
			{
				"pagePath": "pages/marketQuotations/marketQuotations",
				"text": "최신 소식",
				"iconPath": "static/botton/marketQuotations.png",
				"selectedIconPath": "static/botton/marketQuotations2.png"
			},
			

			{
				"pagePath": "pages/my/my",
				"text": "내정보",
				"iconPath": "static/botton/my.png",
				"selectedIconPath": "static/botton/my2.png"
			}
		]
	},
	"condition": {
		//模式配置，仅开发期间生效
		"current": 0, //当前激活的模式(list 的索引项)
		"list": [{
			"name": "", //模式이름
			"path": "", //启动页面，必选
			"query": "" //启动参数，在页面的onLoad函数里面得到
		}]
	}
}