{ //uview组件库
	"easycom": {
		"^u-(.*)": "@/node_modules/uview-ui/components/u-$1/u-$1.vue"
	},
	"pages": [

		{
			"path": "pages/launch", // 自定义启动页
			"style": {
				"enablePullDownRefresh": false,
				"navigationStyle": "custom"
			}
		},
		{
			// 底部首页
			"path": "pages/index/index",
			"style": {
				// 导航栏标题文字内容
				"navigationBarTitleText": "ABinvest",
				// 是否开启下拉刷新
				"enablePullDownRefresh": false,
				"navigationStyle": "custom" // 隐藏系统导航栏
				// 单页导航栏设置,"default"默认显示 "custom"关闭状态
				// "navigationStyle": "custom", // 设置不显示原生导航栏 隐藏系统导航栏
				// "navigationBarTextStyle": "white" // 状态栏字体为白色，只能为 white-白色，black-黑色 二选一
			}
		},

		{
			"path": "pages/marketQuotations/marketQuotations",
			"style": {
				"navigationBarTitleText": "Giá thị trường",
				"enablePullDownRefresh": true,
				"navigationStyle": "custom" // 隐藏系统导航栏
			}

		}, {
			"path": "pages/position/position",
			"style": {
				"navigationBarTitleText": "Vị thế",
				"enablePullDownRefresh": true,
				"navigationStyle": "custom" // 隐藏系统导航栏
			}

		},
		{
			"path": "pages/position/zjorder",
			"style": {
				"navigationBarTitleText": "Giữ vị trí",
				"enablePullDownRefresh": true,
				"navigationStyle": "custom" // 隐藏系统导航栏
			}

		},
		{
			"path": "pages/position/zj_sell_order",
			"style": {
				"navigationBarTitleText": "ALR",
				"enablePullDownRefresh": true,
				"navigationStyle": "custom" // 隐藏系统导航栏
			}

		},
		{
			"path": "pages/free/free",
			"style": {
				"navigationBarTitleText": "Tự chọn",
				"enablePullDownRefresh": true,
				"navigationStyle": "custom" // 隐藏系统导航栏
			}

		}, {
			"path": "pages/my/my",
			"style": {
				"navigationBarTitleText": "Của tôi",
				"enablePullDownRefresh": true,
				"navigationStyle": "custom" // 隐藏系统导航栏
			}

		}, {
			"path": "pages/marketQuotations/productDetails",
			"style": {
				"navigationBarTitleText": "Chi tiết",
				"enablePullDownRefresh": false,
				"navigationStyle": "custom" // 隐藏系统导航栏
			}

		}, {
			"path": "pages/logon/logon/logon",
			"style": {
				"navigationBarTitleText": "Đăng nhập",
				"enablePullDownRefresh": false,
				"navigationStyle": "custom" // 隐藏系统导航栏
			}

		}, {
			"path": "pages/logon/register/register",
			"style": {
				"navigationBarTitleText": "Đăng ký",
				"enablePullDownRefresh": false,
				"navigationStyle": "custom" // 隐藏系统导航栏
			}

		}, {
			"path": "pages/searchFor/searchFor",
			"style": {
				"navigationBarTitleText": "Tìm kiếm",
				"enablePullDownRefresh": false,
				"navigationStyle": "custom" // 隐藏系统导航栏
			}

		}, {
			"path": "pages/index/components/college/college",
			"style": {
				"navigationBarTitleText": "Đại học",
				"enablePullDownRefresh": false,
				"navigationStyle": "custom" // 隐藏系统导航栏
			}

		},
		{
			"path": "pages/index/components/customer/customer",
			"style": {
				"navigationBarTitleText": "CSKH",
				"enablePullDownRefresh": false,
				// "navigationStyle": "custom" // 隐藏系统导航栏
				"app-plus": {
					"navigationBarBackgroundColor": "#007AFF",
					"navigationBarTextStyle": "white" //状态栏字体颜色
				}
			}

		},
		{
			"path": "pages/index/components/openAccount/openAccount",
			"style": {
				"navigationBarTitleText": "Mở tài khoản",
				"enablePullDownRefresh": false,
				"navigationStyle": "custom" // 隐藏系统导航栏
			}

		},
		{
			"path": "pages/index/components/fund/fund",
			"style": {
				"navigationBarTitleText": "Quỹ",
				"enablePullDownRefresh": false,
				"navigationStyle": "custom" // 隐藏系统导航栏
			}

		},
		{
			"path": "pages/index/components/fund/fundDetails",
			"style": {
				"navigationBarTitleText": "Quỹ",
				"enablePullDownRefresh": false,
				"navigationStyle": "custom" // 隐藏系统导航栏
			}

		},
		{
			"path": "pages/index/components/newShares/newShares",
			"style": {
				"navigationBarTitleText": "Cổ phiếu mới",
				"enablePullDownRefresh": false,
				"navigationStyle": "custom" // 隐藏系统导航栏
			}

		},
		{
			"path": "pages/index/components/newShares/applyPurchase/applyPurchase",
			"style": {
				"navigationBarTitleText": "Đăng ký mua hàng",
				"enablePullDownRefresh": false,
				"navigationStyle": "custom" // 隐藏系统导航栏
			}

		},
		{
			"path": "pages/index/components/newShares/luckyNumber/luckyNumber",
			"style": {
				"navigationBarTitleText": "Bản ghi giữa",
				"enablePullDownRefresh": false,
				"navigationStyle": "custom" // 隐藏系统导航栏
			}

		},
		{
			"path": "pages/index/components/newShares/ration/ration",
			"style": {
				"navigationBarTitleText": "Hồ sơ đặt hàng",
				"enablePullDownRefresh": false,
				"navigationStyle": "custom" // 隐藏系统导航栏
			}

		},
		{
			"path": "pages/index/components/newShares/ration/luckyNumber",
			"style": {
				"navigationBarTitleText": "Bản ghi giữa",
				"enablePullDownRefresh": false,
				"navigationStyle": "custom" // 隐藏系统导航栏
			}

		},
		{
			"path": "pages/index/components/newShares/nullElement/nullElement",
			"style": {
				"navigationBarTitleText": "Chi tiết cổ phiếu mới",
				"enablePullDownRefresh": false,
				"navigationStyle": "custom" // 隐藏系统导航栏
			}

		},
		{
			"path": "pages/index/components/newShares/offlinePlacement/offlinePlacement",
			"style": {
				"navigationBarTitleText": "Phân phối cổ phiếu mới",
				"enablePullDownRefresh": false,
				"navigationStyle": "custom" // 隐藏系统导航栏
			}

		},
		{
			"path": "pages/index/components/secondRow/dragonTiger/dragonTiger",
			"style": {
				"navigationBarTitleText": "Trang chủ",
				"enablePullDownRefresh": false,
				"navigationStyle": "custom" // 隐藏系统导航栏
			}

		},
		{
			"path": "pages/index/components/secondRow/stopResumeTrading/stopResumeTrading",
			"style": {
				"navigationBarTitleText": "Dừng Duplicate",
				"enablePullDownRefresh": false,
				"navigationStyle": "custom" // 隐藏系统导航栏
			}

		},
		{
			"path": "pages/index/components/secondRow/tradingShares/tradingShares",
			"style": {
				"navigationBarTitleText": "Sợi nóng",
				"enablePullDownRefresh": false,
				"navigationStyle": "custom" // 隐藏系统导航栏
			}

		},
		{
			"path": "pages/index/components/secondRow/dailyLimit/dailyLimit",
			"style": {
				"navigationBarTitleText": "Tăng hàng ngày",
				"enablePullDownRefresh": false,
				"navigationStyle": "custom" // 隐藏系统导航栏
			}

		},
		{
			"path": "pages/index/components/secondRow/transactionRules/transactionRules",
			"style": {
				"navigationBarTitleText": "Quy tắc giao dịch",
				"enablePullDownRefresh": false,
				"navigationStyle": "custom" // 隐藏系统导航栏
			}

		},
		{
			"path": "pages/index/components/newsDetail",
			"style": {
				"navigationBarTitleText": "Tin tức thị trường",
				"enablePullDownRefresh": false,
				"navigationStyle": "custom" // 隐藏系统导航栏
			}
		},
		{
			"path": "pages/marketQuotations/purchase",
			"style": {
				"navigationBarTitleText": "Mua vào",
				"enablePullDownRefresh": false,
				"navigationStyle": "custom" // 隐藏系统导航栏
			}

		},
		{
			"path": "pages/marketQuotations/zjbuy",
			"style": {
				"navigationBarTitleText": "Mua vào",
				"enablePullDownRefresh": false,
				"navigationStyle": "custom" // 隐藏系统导航栏
			}

		},
		{
			"path": "pages/marketQuotations/authentication",
			"style": {
				"navigationBarTitleText": "Chứng nhận",
				"enablePullDownRefresh": false,
				"navigationStyle": "custom" // 隐藏系统导航栏
			}

		},
		{
			"path": "pages/my/components/setUp/setUp",
			"style": {
				"navigationBarTitleText": "Thiết lập",
				"enablePullDownRefresh": false,
				"navigationStyle": "custom" // 隐藏系统导航栏
			}

		},

		{
			"path": "pages/my/components/other/versionUpdate",
			"style": {
				"navigationBarTitleText": "Cập nhật",
				"enablePullDownRefresh": false,
				"navigationStyle": "custom" // 隐藏系统导航栏
			}

		},
		{
			"path": "pages/my/components/other/userAgreement",
			"style": {
				"navigationBarTitleText": "Thỏa thuận người dùng",
				"enablePullDownRefresh": false,
				"navigationStyle": "custom" // 隐藏系统导航栏
			}

		},
		{
			"path": "pages/my/components/other/privacyAgreement",
			"style": {
				"navigationBarTitleText": "Thỏa thuận bảo mật",
				"enablePullDownRefresh": false,
				"navigationStyle": "custom" // 隐藏系统导航栏
			}

		},
		{
			"path": "pages/my/components/other/aboutUs",
			"style": {
				"navigationBarTitleText": "Về chúng tôi",
				"enablePullDownRefresh": false,
				"navigationStyle": "custom" // 隐藏系统导航栏
			}

		},
		{
			"path": "pages/my/components/bankCard/binding",
			"style": {
				"navigationBarTitleText": "Liên kết thẻ ngân hàng",
				"enablePullDownRefresh": false,
				"navigationStyle": "custom" // 隐藏系统导航栏
			}

		},
		{
			"path": "pages/my/components/bankCard/renewal",
			"style": {
				"navigationBarTitleText": "Thay thế thẻ ngân hàng",
				"enablePullDownRefresh": false,
				"navigationStyle": "custom" // 隐藏系统导航栏
			}

		},
		{
			"path": "pages/my/components/commonFunctions/changePassword",
			"style": {
				"navigationBarTitleText": "Thay đổi mật khẩu đăng nhập",
				"enablePullDownRefresh": false,
				"navigationStyle": "custom" // 隐藏系统导航栏
			}

		},
		{
			"path": "pages/my/components/commonFunctions/fundPassword",
			"style": {
				"navigationBarTitleText": "Mật khẩu tiền",
				"enablePullDownRefresh": false,
				"navigationStyle": "custom" // 隐藏系统导航栏
			}

		},
		{
			"path": "pages/my/components/commonFunctions/capitalDetails",
			"style": {
				"navigationBarTitleText": "Chi tiết tài chính",
				"enablePullDownRefresh": false,
				"navigationStyle": "custom" // 隐藏系统导航栏
			}

		},
		{
			"path": "pages/my/components/certificateBank/silver",
			"style": {
				"navigationBarTitleText": "Giấy chứng nhận chuyển bạc",
				"enablePullDownRefresh": false,
				"navigationStyle": "custom" // 隐藏系统导航栏
			}

		},
		{
			"path": "pages/my/components/certificateBank/prove",
			"style": {
				"navigationBarTitleText": "Chứng nhận chuyển bạc",
				"enablePullDownRefresh": false,
				"navigationStyle": "custom" // 隐藏系统导航栏
			}

		}

		,
		{
			"path": "pages/my/components/setUp/modifyAvatar",
			"style": {
				"navigationBarTitleText": "Thay đổi avatar",
				"enablePullDownRefresh": false,
				"navigationStyle": "custom" // 隐藏系统导航栏
			}

		},
		{
			"path": "pages/index/components/newShares/blockTransactions/blockTransactions",
			"style": {
				"navigationBarTitleText": "Hồ sơ giao dịch khối",
				"enablePullDownRefresh": false,
				"navigationStyle": "custom" // 隐藏系统导航栏
			}

		},
		{
			"path": "pages/index/components/newShares/placeOrder/placeOrder",
			"style": {
				"navigationBarTitleText": "Đặt hàng",
				"enablePullDownRefresh": false,
				"navigationStyle": "custom" // 隐藏系统导航栏
			}

		},
		{
			"path": "pages/logon/forgot/forgot",
			"style": {
				"navigationBarTitleText": "Quên mật khẩu",
				"enablePullDownRefresh": false,
				"navigationStyle": "custom" // 隐藏系统导航栏
			}

		}, {
			"path": "pages/my/components/certificateBank/silver-b",
			"style": {
				"navigationBarTitleText": "Giấy chứng nhận chuyển bạc",
				"enablePullDownRefresh": false,
				"navigationStyle": "custom" // 隐藏系统导航栏
			}

		}, {
			"path": "pages/position/detail", // 持仓明细
			"style": {
				"navigationBarTitleText": "Chi tiết giao dịch",
				"enablePullDownRefresh": false,
				"navigationStyle": "custom" // 隐藏系统导航栏
			}

		}
	],
	"globalStyle": {
		"navigationBarTextStyle": "black",
		"navigationBarTitleText": "ABinvest",
		"navigationBarBackgroundColor": "#F8F8F8",
		"backgroundColor": "#F8F8F8"
	},
	"uniIdRouter": {},
	"tabBar": {
		"backgroundColor": "#3F3384",
		"selectedColor": "#f6a944",
		"color": "#fff",
		"fontSize": "12px",

		"list": [{
				"pagePath": "pages/index/index",
				"text": "Trang chủ",
				"iconPath": "./static/tabs/1.png",
				"selectedIconPath": "./static/tabs/1_s.png"
			},
			{
				"pagePath": "pages/free/free",
				"text": "Quan tâm",
				"iconPath": "./static/tabs/2.png",
				"selectedIconPath": "./static/tabs/2_s.png"
			},
			{
				"pagePath": "pages/marketQuotations/marketQuotations",
				"text": "Thị trường",
				"iconPath": "./static/tabs/3.png",
				"selectedIconPath": "./static/tabs/3_s.png"
			},
			{
				"pagePath": "pages/position/position",
				"text": "Sổ lệnh",
				"iconPath": "./static/tabs/4.png",
				"selectedIconPath": "./static/tabs/4_s.png"
			},

			{
				"pagePath": "pages/my/my",
				"text": "Của tôi",
				"iconPath": "./static/tabs/5.png",
				"selectedIconPath": "./static/tabs/5_s.png"
			}
		]
	},

	"condition": {
		//模式配置，仅开发期间生效
		"current": 0, //当前激活的模式(list 的索引项)
		"list": [{
			"name": "", //模式名称
			"path": "", //启动页面，必选
			"query": "" //启动参数，在页面的onLoad函数里面得到
		}]
	}
}